"0","```r
```r
# Ensure Date is in the correct format
Well9JFebtoAug <- Well9JFebtoAug %>%
  mutate(Date = as.POSIXct(Date, format = \%m/%d/%Y %H:%M\))  # Specify the correct format for MM/DD/YYYY HH:MM

# Remove any rows with NA in Date (if necessary)
Well9JFebtoAug <- Well9JFebtoAug %>%
  filter(!is.na(Date))

# Add Inundated column based on depth (M > 0)
Well9JFebtoAug <- Well9JFebtoAug %>%
  mutate(Inundated = `M` > 0)  # TRUE if M > 0

# Calculate time differences and sum durations of inundation
total_inundated_time <- Well9JFebtoAug %>%
  arrange(Date) %>%
  mutate(Time_Diff = c(0, as.numeric(diff(Date)) / 3600)) %>%  # Convert seconds to hours
  filter(Inundated == TRUE) %>%
  summarise(Total_Time_Hours = sum(Time_Diff, na.rm = TRUE))

# Display the result in days
total_inundated_time / 24

```
```"
